{
  "total_samples": 6511,
  "accuracy": 0.09353401935186607,
  "total_time": 2242.272586107254,
  "samples_per_second": 2.9037504362052444
}